What is AI?,Artificial Intelligence,Automated Input,Analog Interaction,Advanced Interface,A
Which branch is related to AI?,Machine Learning,Accounting,Biology,Civil Engineering,A
What is supervised learning?,Learning with feedback,Without labels,No human help,No data,A
Which is a language for AI?,Prolog,HTML,SQL,PHP,A
Which algorithm is used in game AI?,Minimax,BFS,Dijkstra,Heap Sort,A
Which is AI application?,Siri,Excel,Calculator,File Manager,A
What is NLP?,Natural Language Processing,Nano Level Processor,Network Layer Protocol,None,A
What is ML?,Machine Learning,Memory Logic,Mainframe Logic,Multi Learning,A
What is TensorFlow?,Library for ML,Database,Game engine,Hardware compiler,A
What is Deep Learning?,Advanced ML,HTML Tool,Java API,Desktop app,A
