What is UI?,User Interface,Unix Input,Universal Input,Unit Interface,A
What is UX?,User Experience,Under X-ray,Useful XML,Ultra X-ray,A
Which tool is for UI design?,Figma,Word,Photoshop,Excel,A
Which color model is for screens?,RGB,CMYK,HSB,Grayscale,A
Which font is good for readability?,Sans-serif,Cursive,Fantasy,Comic Sans,A
What is wireframe?,Layout sketch,Database,Code logic,Logo,A
What is prototype?,Mock app,Test case,Final code,Script,A
Which is not UI principle?,Clarity,Consistency,Compression,Feedback,C
Which improves UX?,Navigation,Delay,Errors,Confusion,A
Design thinking is?,User-centric,Math method,Coding logic,Law principle,A
