What is Robotics?,Study of Robots,Chemistry field,Mathematics field,Java project,A
Which sensor is used in robots?,Ultrasonic,Monitor,Speaker,CPU,A
Which is an actuator?,Motor,Sensor,Camera,Battery,A
What is microcontroller?,Small computer,Remote,Sensor,Light,A
Which is not a robot?,Drone,Roomba,Calculator,Robotic Arm,C
Which is robotic software?,ROS,Word,Photoshop,MS Paint,A
Which language is used in robots?,C++,CSS,SQL,HTML,A
What is feedback loop?,Self-correction,Time delay,Power saving,Error code,A
Which robots swim?,Aqua bots,Drone bots,Space bots,Land bots,A
Which one is robot field?,Mechatronics,History,Finance,Philosophy,A
