username,email,password,dsa,ai,robotics,design,matched,matchedWith
Amir Saad,saad123@gmail.com,12345678,8,-1,-1,-1,false,
Sha khan,sha1122@gmail.com,123456,6,8,-1,9,false,
hamza khan,hamza1122@gmail.com,123456,-1,-1,-1,-1,false,
saad,saad1122@gmail.com,123456,-1,10,-1,-1,true,sherry
saad1234,saad@gmail.com,123456,-1,-1,-1,9,false,
sherry,sherry@gmail.com,123456,5,10,-1,9,true,saad
ali,ali123@gmail.com,123456,4,10,9,9,true,hamza
aliahmad,alikhan1@gmail.com,123456,4,-1,-1,-1,false,
Ahmad Ali,ahmadali@gmail.com,123456,-1,-1,-1,-1,false,
Zainab Fatima,zainab123@gmail.com,123456,6,-1,-1,-1,false,
hamza,hamza@gmail.com,123456,-1,10,-1,8,true,ali
Sherry1122,sherry1122@gmsil.com,123456,-1,6,-1,-1,false,
nasym,nasym@gmail.com,123456,-1,-1,-1,-1,false,
sardar,sardar@gmail.com,123456,5,-1,-1,-1,false,
Abbas Khan,abbas1122@gmail.com,123456,5,10,-1,-1,false,
Usman,shinwar@gmail.com,123456,-1,10,-1,-1,false,
Faisal khan,faisalkhan1122@gmail.com,123456,4,10,-1,-1,false,
saadkhan,saad1122@gmail.stmu.com,123456789,-1,10,-1,-1,false,
shawaiz,shawaiz@gmail.com,123456,-1,10,-1,-1,false,
